c,L,N,seed,transmitted,reflected,absorbed,T_frac,R_frac,A_frac,T_err,R_err,A_err
0,1,1000000,42,367632,0,632368,0.367632,0,0.632368,0.000482160464,0,0.000482160464
0,2,1000000,42,135874,0,864126,0.135874,0,0.864126,0.000342654719,0,0.000342654719
0,3,1000000,42,49744,0,950256,0.049744,0,0.950256,0.00021741558,0,0.00021741558
0,4,1000000,42,18404,0,981596,0.018404,0,0.981596,0.00013440719,0,0.00013440719
0,5,1000000,42,6619,0,993381,0.006619,0,0.993381,8.10875381e-05,0,8.10875381e-05
0.5,5,1000000,42,12961,115278,871761,0.012961,0.115278,0.871761,0.0001131062,0.00031935714,0.000334355737
1,5,1000000,42,260822,739178,0,0.260822,0.739178,0,0.000439083004,0.000439083004,0
